INSERT [dbo].[Users] ([Id], [UserName], [Password], [FirstName], [LastName], [Mail]) VALUES (N'1ec70261-4738-4d74-aba5-2a9acf8fb3b2', N'USER4', N'utilisateur4', N'Laura', N'TEST', N'laura.test@gmail.com')
INSERT [dbo].[Users] ([Id], [UserName], [Password], [FirstName], [LastName], [Mail]) VALUES (N'497a4fac-ef35-4972-8f2d-425f90731df8', N'USER5', N'utilisateur5', N'Margot', N'CHAUVET', N'margot.chauvet@gmail.com')
INSERT [dbo].[Users] ([Id], [UserName], [Password], [FirstName], [LastName], [Mail]) VALUES (N'a357943c-e7a7-4b9b-a2e4-618a8220e212', N'USER2', N'utilisateur2', N'Thomas', N'DUPRE', N'tdupre@hotmail.fr')
INSERT [dbo].[Users] ([Id], [UserName], [Password], [FirstName], [LastName], [Mail]) VALUES (N'2e831471-d80b-4857-8c51-882698a08bdf', N'USER1', N'utilisateur1', N'Mathieu', N'DUPOND', N'mdupond@gmail.com')
INSERT [dbo].[Users] ([Id], [UserName], [Password], [FirstName], [LastName], [Mail]) VALUES (N'13e945e8-5440-421e-81a8-dfbafa89a81d', N'USER3', N'utilisateur3', N'Nicolas', N'LEDUC', N'nleduc@live.fr')
INSERT [dbo].[Users] ([Id], [UserName], [Password], [FirstName], [LastName], [Mail]) VALUES (N'a6a6e285-3a9f-4d59-aec2-fbf6e10a5df4', N'USER6', N'utilisateur6', N'Louise', N'ACTA', N'louieacta@free.fr')
INSERT [dbo].[Academies] ([Id], [Name]) VALUES (N'99326312-fa21-4abf-bffe-1936000b0ca9', N'Rouen')
INSERT [dbo].[Academies] ([Id], [Name]) VALUES (N'f2ddabdc-f704-41a9-a54b-367d8ba9bb10', N'Rennes')
INSERT [dbo].[Academies] ([Id], [Name]) VALUES (N'be43b2a6-618b-4128-ab73-3b8a6727ac83', N'Lille')
INSERT [dbo].[Academies] ([Id], [Name]) VALUES (N'357d9b34-76ab-4383-8b21-5c89af6bd721', N'Nantes')
INSERT [dbo].[Academies] ([Id], [Name]) VALUES (N'e2a278ee-8a83-468e-bab6-70aefcc517df', N'Caen')
INSERT [dbo].[Establishments] ([Id], [Name], [Address], [PostCode], [Town], [User_Id], [Academie_Id]) VALUES (N'5e0aa89b-2d57-409a-a544-018f8a41294d', N'Lycée Galilée', N'Rue du Lycée Galilée', N'76430', N'Franqueville Saint Pierre', N'2e831471-d80b-4857-8c51-882698a08bdf', N'99326312-fa21-4abf-bffe-1936000b0ca9')
INSERT [dbo].[Establishments] ([Id], [Name], [Address], [PostCode], [Town], [User_Id], [Academie_Id]) VALUES (N'18c8b661-3d39-4173-90ad-1fdb23a4a71a', N'Collège YY', N'Rue de Truc', N'59000', N'Lille', N'497a4fac-ef35-4972-8f2d-425f90731df8', N'be43b2a6-618b-4128-ab73-3b8a6727ac83')
INSERT [dbo].[Establishments] ([Id], [Name], [Address], [PostCode], [Town], [User_Id], [Academie_Id]) VALUES (N'85ca4082-a75c-4390-809c-2bc8d05bb804', N'Lycée Corneille', N'Rue de Corneille', N'76000', N'Rouen', N'13e945e8-5440-421e-81a8-dfbafa89a81d', N'99326312-fa21-4abf-bffe-1936000b0ca9')
INSERT [dbo].[Establishments] ([Id], [Name], [Address], [PostCode], [Town], [User_Id], [Academie_Id]) VALUES (N'6b6fd3ea-d054-41ff-9e24-7ed49c3f2c28', N'Ecole Notre Dame', N'Route de Paris', N'14000', N'Caen', N'a6a6e285-3a9f-4d59-aec2-fbf6e10a5df4', N'e2a278ee-8a83-468e-bab6-70aefcc517df')
INSERT [dbo].[Establishments] ([Id], [Name], [Address], [PostCode], [Town], [User_Id], [Academie_Id]) VALUES (N'9fb7117a-8ec8-49e0-84c1-999a92dfeeb4', N'Ecole du Bossu', N'Rue du Bossu', N'44000', N'Nantes', N'2e831471-d80b-4857-8c51-882698a08bdf', N'357d9b34-76ab-4383-8b21-5c89af6bd721')
INSERT [dbo].[Establishments] ([Id], [Name], [Address], [PostCode], [Town], [User_Id], [Academie_Id]) VALUES (N'17c48af3-3343-4534-bd26-beec537e9af3', N'Collège XX', N'Rue de Machin', N'35000', N'Rennes', N'1ec70261-4738-4d74-aba5-2a9acf8fb3b2', N'f2ddabdc-f704-41a9-a54b-367d8ba9bb10')
INSERT [dbo].[Years] ([Id], [Year]) VALUES (N'dd5a2b99-3bb7-482f-8a70-4a880ed3c1ec', 2013)
INSERT [dbo].[Years] ([Id], [Year]) VALUES (N'6f329504-beb2-47a5-82e3-6df05e757071', 2011)
INSERT [dbo].[Years] ([Id], [Year]) VALUES (N'0785a174-8b24-4c60-9a42-b65b6a3aba49', 2012)
INSERT [dbo].[Years] ([Id], [Year]) VALUES (N'96027e31-ca3b-4f64-a4b3-c69d672adfbf', 2014)
INSERT [dbo].[Years] ([Id], [Year]) VALUES (N'32dc997d-6c43-407a-a88f-eed47fdbb8b6', 2015)
INSERT [dbo].[Periods] ([Id], [Begin], [End], [Year_Id]) VALUES (N'b055be1b-dcbc-4c02-9c60-0cb874950848', CAST(0x0000A41300000000 AS DateTime), CAST(0x0000A46C00000000 AS DateTime), N'32dc997d-6c43-407a-a88f-eed47fdbb8b6')
INSERT [dbo].[Periods] ([Id], [Begin], [End], [Year_Id]) VALUES (N'd71aed19-b25c-4556-8029-45b03ab35021', CAST(0x0000A46D00000000 AS DateTime), CAST(0x0000A4C700000000 AS DateTime), N'32dc997d-6c43-407a-a88f-eed47fdbb8b6')
INSERT [dbo].[Periods] ([Id], [Begin], [End], [Year_Id]) VALUES (N'60fef102-b240-4d53-9c57-45fe70e3a9df', CAST(0x0000A30000000000 AS DateTime), CAST(0x0000A35A00000000 AS DateTime), N'96027e31-ca3b-4f64-a4b3-c69d672adfbf')
INSERT [dbo].[Periods] ([Id], [Begin], [End], [Year_Id]) VALUES (N'd14e20c6-eb35-4d60-bad1-b0270c0d8d3a', CAST(0x0000A2A600000000 AS DateTime), CAST(0x0000A2FF00000000 AS DateTime), N'96027e31-ca3b-4f64-a4b3-c69d672adfbf')
INSERT [dbo].[Periods] ([Id], [Begin], [End], [Year_Id]) VALUES (N'12233260-6beb-451e-83db-e03ae0d35d64', CAST(0x0000A22C00000000 AS DateTime), CAST(0x0000A2A500000000 AS DateTime), N'96027e31-ca3b-4f64-a4b3-c69d672adfbf')
INSERT [dbo].[Periods] ([Id], [Begin], [End], [Year_Id]) VALUES (N'060c3e7f-7ff3-4f93-acd2-e439c80e9bd4', CAST(0x0000A39900000000 AS DateTime), CAST(0x0000A41200000000 AS DateTime), N'32dc997d-6c43-407a-a88f-eed47fdbb8b6')
INSERT [dbo].[Cycles] ([Id], [Title]) VALUES (N'777657ff-0a32-4f71-8cf2-2771f1303c7e', N'Primaire')
INSERT [dbo].[Cycles] ([Id], [Title]) VALUES (N'2531cb8e-8afb-4e53-98d6-87aaeeb49971', N'Collège')
INSERT [dbo].[Cycles] ([Id], [Title]) VALUES (N'bae4ec23-c43d-49d3-9923-b5e7729cf4f8', N'Lycée')
INSERT [dbo].[Levels] ([Id], [Title], [Cycle_Id]) VALUES (N'8d559187-a9a0-4249-b789-0192d7d3bb0f', N'CE2', N'777657ff-0a32-4f71-8cf2-2771f1303c7e')
INSERT [dbo].[Levels] ([Id], [Title], [Cycle_Id]) VALUES (N'4898e031-9cde-4835-b54d-17f2d299b7f5', N'CP', N'777657ff-0a32-4f71-8cf2-2771f1303c7e')
INSERT [dbo].[Levels] ([Id], [Title], [Cycle_Id]) VALUES (N'14bf099c-b4df-4977-b47e-393b2e4e8cc3', N'CM2', N'777657ff-0a32-4f71-8cf2-2771f1303c7e')
INSERT [dbo].[Levels] ([Id], [Title], [Cycle_Id]) VALUES (N'df6cfdd0-4f34-414e-aa0f-49070ad69855', N'Terminale', N'bae4ec23-c43d-49d3-9923-b5e7729cf4f8')
INSERT [dbo].[Levels] ([Id], [Title], [Cycle_Id]) VALUES (N'88339a34-4f4b-4f92-8f9e-608eaa868c18', N'6ème', N'2531cb8e-8afb-4e53-98d6-87aaeeb49971')
INSERT [dbo].[Levels] ([Id], [Title], [Cycle_Id]) VALUES (N'12f5e5c6-7501-4b6c-b37c-690e1ac1b36f', N'2nd', N'bae4ec23-c43d-49d3-9923-b5e7729cf4f8')
INSERT [dbo].[Levels] ([Id], [Title], [Cycle_Id]) VALUES (N'ed8ade7f-8cb5-4659-84b0-71133f0fc32b', N'1ère', N'bae4ec23-c43d-49d3-9923-b5e7729cf4f8')
INSERT [dbo].[Levels] ([Id], [Title], [Cycle_Id]) VALUES (N'7bf728d9-b99d-4567-9ef6-9e6335b97db2', N'5ème', N'2531cb8e-8afb-4e53-98d6-87aaeeb49971')
INSERT [dbo].[Levels] ([Id], [Title], [Cycle_Id]) VALUES (N'0cc91a89-f171-4d41-bed2-a8926a816a54', N'3ème', N'2531cb8e-8afb-4e53-98d6-87aaeeb49971')
INSERT [dbo].[Levels] ([Id], [Title], [Cycle_Id]) VALUES (N'ab0d6962-338f-4fed-ade0-ca06512292d5', N'CM1', N'777657ff-0a32-4f71-8cf2-2771f1303c7e')
INSERT [dbo].[Levels] ([Id], [Title], [Cycle_Id]) VALUES (N'33392a16-79df-48f6-b7de-cb41fec976ee', N'CE1', N'777657ff-0a32-4f71-8cf2-2771f1303c7e')
INSERT [dbo].[Levels] ([Id], [Title], [Cycle_Id]) VALUES (N'61bb04de-9f23-4427-b014-d3357fa34410', N'4ème', N'2531cb8e-8afb-4e53-98d6-87aaeeb49971')
